{"markers": [{"mat": [0.9980267283694828, 4.334662983433055e-18, -0.06279052046373347, 0.0,
										  0.0069991923726337585, 0.993767918975059, 0.11124897537555731, 0.0, 
											0.062399204852605264, -0.11146893386042808, 0.9918069449332274, 0.0, 
										  0.2431087530198486, 0.016704581811619004, -3.2097508344574854, 1.0], "id": 0}]}